question,answer
なぜ「パスポートは2020年2月3日以前に申請のもの」という条件がついているのですか？,2020年2月4日以降に申請されたパスポートでは、「所持人記入欄」が廃止されており、住所の確認ができなくなっているためです。
積立の一時停止、再開はできますか？,一時停止の機能はございません。積立設定を一旦解除いただき、ご希望の時期にあらためて積立設定を行ってください。
積立の申込がうまくできません。,以下の点についてご確認ください。 SUSTENのサービスをご利用いただけるシステム環境が整っているかご確認ください。 お申込み手続き完了前にブラウザの「×」ボタン等でサイトを閉じられますと、積立の設定が完了しませんので、あらためてお手続きをお願いいたします。 セキュリティ対策アプリを経由してお手続きをいただきますと、まれに作動に不具合が発生する場合がございます。別の端末をお持ちの場合は、そちらからもお試しいただけますと幸いです。 金融機関サイトに遷移した後の作動やエラーに関しては、各金融機関にお問合せください。
引落予定日に銀行口座を確認しましたが、SUSTENとは異なる社名が記載されているのはなぜですか？,ご利用の金融機関によっては、当社名ではなく収納代行業者名が表示されます。 収納機関名として、収納代行業者の「ビリングシステム株式会社」「みずほファクター株式会社」が表示される場合がございます。
家族の個人情報が記載されている住民票は、本人確認書類として使えますか？,ご家族の個人情報*が記載されている住民票は、そのまま本人確認書類としてご利用いただくことはできません。 ご家族の個人情報部分につきましては、本人確認書類原本の該当部分を付箋やメモなどで隠した状態で撮影、ご提出ください。 ※本人確認書類の撮影をした後、画像を加工いただいたものは画像の加工となるため、本人確認書類としてご利用いただくことはできません。 （例：ご家族の個人情報記載箇所をスタンプやペイントソフト等で画像の上から塗りつぶしてあるもの、等） ※家族の個人情報とは、マイナンバー、本籍地、氏名、生年月日、住所、性別、身体・精神障害の情報等の機微情報に該当する情報を指します。
申し込む口座種別の違いは何ですか？,〇NISA口座 無期限で非課税となります。 〇特定口座（源泉徴収あり） SUSTENのご利用で発生する譲渡益等への課税関係を、当社での源泉徴収で完了させることができます。お客さまご自身による確定申告などの面倒な手続きは、原則不要となります。 〇特定口座（源泉徴収なし） 当社で特定口座内の譲渡損益計算を行い、特定口座年間取引報告書を作成しますが、納税についてはお客さまご自身で確定申告を行う必要があります。 〇一般口座 お客さまご自身で年間の譲渡損益を計算し、確定申告を行う必要があります。
何に投資をしているか、具体的に確認できますか？,当社サービスは自社が運用する投資信託を通じて、国内外の様々な金融商品に投資を行います。詳細は、 ファンド情報 よりご確認いただけます。 また、毎月の投資信託のパフォーマンスについては SUSTEN LAB. でもご確認いただけます。 投資対象のご説明は、 各ファンドの交付目論見書 の「ファンド目的」「ファンドの特徴」の項目をご参照ください。 直近での投資状況につきましては、 各ファンドの運用報告書、月次レポート をご参照ください。 当社サービスでは、投資信託の組入れ比率を変更することにより、運用診断の結果に応じてお客さま一人一人に合ったポートフォリオをご提案しております。
積立の引落はNISA口座開設のための税務署審査完了前でも開始されますか？,積立の引落は、NISA口座の開設完了前であっても直近の引落予定日より開始されます。NISA口座の開設完了前に内容が確定した引落分については、課税口座で運用されます。
不在のため簡易書留を受け取れなかったのですがどうしたらいいですか？,大変お手数ではございますが、郵便局へ再配達をご依頼いただき、郵便局の保管期限内にお受け取りくださいますようお願いいたします。 なお、マイナンバーカードを読み取り口座開設をいただいたお客さまには、簡易書留ハガキの発送はございません。
積立の設定にはインターネットバンキングの口座が必要ですか？,積立の設定にはインターネットバンキングの口座が必要となります。 インターネットバンキングの手続きにつきましては、ご利用の金融機関でご確認をお願いいたします。なお、インターネット経由での登録に対応していない金融機関もあります。
積立設定を解除したのに引落が発生したのはなぜですか？,積立の解除は引落日の８営業日前の前日までにお申込みいただく必要がございます。それ以降に積立を解除された場合は、次々回の積立から解除が適用されます。くわしくは、お客さまサイト内・積立設定のページをご確認ください。
SUSTENは何歳から申し込めますか？,SUSTENは18歳からお申込みいただけます。 なお、NISA口座もあわせてをお申込みいただく場合、その年の1月1日時点で18歳である必要がございます。
積立設定の解除はどのように行えばいいですか？いつまでに行えばいいですか？,積立設定の解除は積立設定の画面よりお手続きいただけます。 引落日の8営業日前の前日までに解除いただきますようお願いいたします。
積立の引落日は決まっていますか？,毎月1日、5日、20日、26日から引落日をお選びいただけます。 引落日が土日祝日の場合は、翌営業日の引落となります。 ※積立に関する変更は、引落日の8営業日前の前日までに変更いただく必要があります。
他の金融商品との損益通算はできますか？,確定申告の手続きを行っていただくことで、他社で保有されている金融商品との損益通算が可能です。 詳細については所轄の税務署や税理士等にご確認ください。 なお、NISA口座の損益は他の金融商品と通算することはできません。
積立額はいくらからですか？,積立額は1万円からご設定いただけます。
特定口座とはなんですか？,特定口座とは、金融機関がお客さまに代わり、取引の譲渡損益等の計算を行う口座です。 「源泉徴収あり」をご選択いただいた場合、金融機関が所得税・住民税を源泉徴収することで課税関係が完了し、お客さまによる確定申告手続きは原則不要となります。
SUSTENが倒産した場合、投資資金はどうなりますか？,SUSTENの資産運用サービスは「公募投資信託」を通じて提供され、お客さまのご資産は、投資信託の運用を受託する信託銀行で保管・管理されます。このため、お客さまのご資産は、当社の倒産リスクからは隔離されております。万が一、受託者である信託銀行が破綻した場合でも、信託銀行の固有財産とは分別して管理・保全されているため、影響を受けることはありません。 また、当社は投資信託の直接募集会社という位置付けにあるため、証券会社等が対象となる投資家保護基金には加入しておりませんが、ご入金から投資信託買付までの期間についても、お客さまのご資金は、「顧客分別金」として信託銀行に信託され、当社の固有財産とは分別して管理・保全されています。
積立の引落口座と出金先口座は同じでなくてはいけませんか？,ご本人名義の口座であれば、同一である必要はございません。 口座開設時に積立設定をいただいたお客さまは積立の引落口座が自動的に出金口座として登録されます。変更いただく場合、入出金＞＞出金画面にて出金先口座を変更ください。
積立額は変更できますか？いつまでに変更すれば間に合いますか？,引落日の８営業日前の前日までは変更が可能です。それ以降の変更は、次回の積立予定に反映されます。 変更可能日の詳細につきましては、お客さま画面でご確認いただけます。 積立スケジュール *土日祝日も変更操作をいただけます。24時以降の場合、次回積立時に反映されます。反映日時の詳細は、お客さま画面でご確認いただけます。 **6営業日以降に投資信託の購入申込受付不可日が含まれる場合、その翌営業日に発注が行われるため、運用開始日が変動します。詳しくは「 入金してから運用が始まるまでどれくらいかかりますか？ 」 をご参照ください。
引落口座を変更できますか？,引落日の８営業日前の前日までは変更が可能です。積立設定画面よりご変更いただけます。 変更可能日の詳細につきましては、お客さま画面でご確認をいただけます。
なぜマイナンバーおよび写真付き身分証明書の提出が必要なのですか？,法令により、口座開設時にマイナンバーをご提示いただく必要があるほか、税務署に提出する法定調書などの書類に、マイナンバーを記載する必要がございます。 加えて、口座開設時には本人確認書類をご提示いただく必要がありますが、当社ではすべてのお客さまに写真付き身分証明書のご提示をお願いしております。
積立を利用しなくてもSUSTENを利用することはできますか？,積立サービスを利用しなくてもSUSTENをご利用いただけます。 ※ご入金の際の振込手数料はお客さま負担となります。
ボーナス月は積立額を増額できますか？,可能です。ボーナス月および追加額を別途ご設定いただけます。 ボーナス月には、毎月の引落額に加えてボーナス月の追加額が引落されます。 お客さまページへログイン、入出金＞＞積立よりご設定ください。
引落の取り消しはできますか？,締切日以降は、引落の取り消しはできません。 引落日の８営業日前の前日までに余裕をもって設定をご変更ください。 変更可能日の詳細につきましては、お客さま画面でご確認を頂けます。
購入する投資信託を指定することはできますか？,購入する投資信託を指定いただくことはできません。 SUSTENではシステムがお客さまに合った投資信託を自動で判断、購入し運用いたします。
初回入金は積立から開始できますか？,可能です。積立は1万円からご設定いただけます。
口座開設には費用がかかりますか？,無料で 口座を開設いただけます。口座管理料、出金手数料も無料です。
クレジットカードでの引落はできますか？,クレジットカードでの引落には対応しておりません。
複数の口座を開設することはできますか？,複数の口座を開設いただくことはできません。 SUSTENでは、お客さまお一人につき１口座に限りお申込みをお受けし、運用診断にご回答いただくことで、それぞれのお客さまに合ったポートフォリオをご提供しています。 なお、複数回の口座をお申込みいただいた場合、初回申込についてのみ口座開設のお手続きをいたします 2度目以降のお申込みは受付いたしません。 ＊異なるメールアドレスをご登録いただきましても、同一のお客さまからのお申込みであった場合、２度目以降のお手続きは無効となります。
簡易書留を別の住所で受け取りたいのですが、転送できますか？,犯罪収益移転防止法に定められた本人確認の方法に従い、簡易書留郵便をご登録住所に転送不要でお送りしております。そのため、転送およびご登録住所以外への送付は承ることができません。 住所に変更があった場合には、お客さま情報の再入力および本人確認書類の再提出をお願いいたします。 なお、マイナンバーカードを読み取り口座開設を行っていただいたお客さまはその場で本人確認が完了いたします。簡易書留ハガキを当社からお送りすることはございません。
積立は引落手数料がかかりますか？,積立の引落手数料は無料です。 積立の設定は、お客さま画面内の「入出金」より積立設定へお進みください。
引落口座を変更したいのですが、出金先口座も自動的に引落口座と同じ口座に変更されますか？,引落口座を変更しても、出金先口座は変更されません。 積立の引落が初回入金となる場合のみ、積立の引落口座が自動的に出金先口座として登録されます。
SUSTENとSUSTEN for マネーフォワードを併用して利用することはできますか？,併用してご利用いただくことはできません。
運用診断の後、メールアドレスの登録を行わず、手続きを中止してしまいました。途中から手続きをはじめることはできますか？,恐れ入りますが、運用診断からもう一度やり直していただきますようお願いいたします。
SUSTENの口座を解約しましたが、もう1度口座を開設することはできますか？,口座を解約されても、あらためて口座開設をいただくことができます。 ただし、特定口座を解約された場合、同一年内に再度特定口座を開設することはできません。 同一年内に口座の開設をされる場合は、「一般口座」でお申込みください。 また、同一メールアドレスであらためて口座を開設することはできません。口座の再開設をお申込みいただく場合は、新しいメールアドレスをご登録ください。
SUSTENからSUSTEN for マネーフォワードに変更することはできますか？またSUSTEN for マネーフォワードからSUSTENに変更することはできますか？,変更できません。 現在ご利用中のサービスをご解約いただいた後、新たにお申込みいただく必要がございます。 なお、同一メールアドレスにてお申込みをいただくことはできません。 また、特定口座を開設されていた場合、同一年内に、再度特定口座を開設いただくことはできません。
「成果報酬残分支払」とはなんですか？,運用成果報酬が発生する場合、保有投資信託の売却により徴収しますが、報酬計算日にご入金された場合には、当該入金額から優先して徴収させていただきます。「取引履歴」には以下のように記載されます。 同日入金分からの支払：「成果報酬残分支払」 投資信託売却分からの支払：「売却」内に表示される内訳の「成果報酬」 ※実際の画面とは異なる場合があります。
一般口座から特定口座への変更はできますか？特定口座から一般口座への変更はできますか？,一般口座から特定口座、特定口座から一般口座への変更はできません。 ご資金を全て出金し口座を解約いただいた後、support@susten.jpまでご連絡ください。 なお、特定口座を解約された場合、同一年度内に再度特定口座を開設することはできません。 口座変更の手順は以下の通りです。 １．積立設定の解除（積立をご利用されている場合） ２．全額出金の申込 ３．口座解約の依頼 ４．新規口座開設の申込 １．積立の解除（積立をご利用されている場合） お客さま画面＞＞入出金＞＞積立設定＞＞変更する＞＞積立を解除する へお進みください。 解除のタイミングによっては、次回引落が行われた後に設定解除となる場合があります。 次回積立予定にて、引落日や解除期日をご案内しておりますので、ご確認いただけますようお願いいたします。 ２．全額出金の申込 お客さま画面＞＞入出金＞＞出金＞＞全額出金する＞＞出金を依頼する へお進みください。 全額出金いただいた後に積立による引落が発生した場合、あらためて全額出金のお手続きが必要です。 当社サービスは、投資信託を通して価格変動のある有価証券等に投資を行うため、お客さまの純資産残高は日々変動いたします。全額出金の申込タイミングは、お客さまご自身のご判断でいただけますようよろしくお願い申し上げます。 ３．口座解約の依頼 以下の記載事項をsupport@susten.jpまでメールでご連絡ください。 【記載事項】 ・氏名 ・生年月日 ・ご登録のご住所 ・ご登録のお電話番号 ・ご意向の記載（特定口座から一般口座にしたい、一般口座から特定口座にしたい、等） ※必ずご登録のメールアドレスからご連絡をいただけますようお願いいたします。 ご連絡をいただきました後、手続きについてご案内いたします。
本人確認書類のアップロード方法を教えてください。,撮影にあたっての注意事項 ・お手元の身分証明書が、当社指定の身分証明書に該当するか、また有効期限内のものであるかご確認ください。 ・書類全体が写っているか、必要な面すべてが撮影されているかご確認ください。 ・記載事項がはっきりと写っているかご確認ください。 ・カメラフラッシュを使用すると光が反射し、記載事項の確認ができなくなる可能性がありますのでご注意ください。 ・ファイルサイズの上限は９MBです。 PCからアップロードする場合 ・本人確認書類（オモテ面およびウラ面）を撮影し、画像ファイルをPCの任意の場所に保存します。 ・「写真をアップロード」をクリックします。 ・PCの保存場所から該当する画像ファイルを選択しアップロードします。 スマートフォン等からアップロードする場合 ・「写真をアップロード」をタップします。 ・「写真を撮る」や「カメラ」等をタップします。 ・該当する本人確認書類を撮影し「写真を使用」等をタップしアップロードします。 ※ご利用の機種によって名称や操作が異なる場合があります。 スマートフォン等からアップロードする場合 ・本人確認書類（オモテ面およびウラ面）を撮影し、スマートフォン内に保存します。 ・「写真をアップロード」をタップします。 ・「フォトライブラリ」や「ドキュメント」等をタップし、保存場所から該当する画像を選択しアップロードします。 ※ご利用の機種によって名称や操作が異なる場合があります。
契約締結前交付書面、契約締結時交付書面とは何ですか？,金融商品取引法により、お客さまへの交付が義務付けられている書面で、契約内容、手数料、リスクなどの重要事項の説明が記載されています。 「契約締結前交付書面」については、アカウント作成時にご確認いただく他、当社Webサイトにおいても最新版を掲載しております。また、お客さまに1年に1度以上交付し、その内容をご確認いただいております。 「契約締結時交付書面」については、ログイン後の「契約/交付書面等」に掲載しております。
本人確認書類を提出する際の注意点はありますか？（本人確認書類を撮影・画像登録をして口座開設をお申込みいただく場合）,本人確認書類をアップロードいただく際は、以下のような点にご注意ください。 アップロードの際、ご提出書類が正しく選択されているかご確認ください。 特にマイナンバーカードとマイナンバー通知カードをお間違えになる事例が多く見受けられます。 また、スクリーンショット画像をご提出いただく事例が多く見受けられます。 スクリーンショットの画像はご本人さま確認としては承りかねます。 あらかじめご了承ください。 本人確認書類を撮影いただき、そのままご登録をいただきますようお願いいたします。 ※ファイルサイズの上限は9MBです。
本人確認用の簡易書留ハガキを紛失しました。,ご登録いただきましたメールアドレスより、support@susten.jpまでメールでご連絡ください。 当社よりあらためてご連絡いたします。なお、ハガキのお受取りから数日経過しますと、郵便システムとの連携で自動的にご本人さま確認が完了します。その場合、直接SUSTENにログインの上、お取引を開始いただけます。 なお、マイナンバーカードを読み取り口座開設を行っていただいたお客さまには、簡易書留ハガキの発送はございません。
本人確認書類には何が使えますか？,現在の氏名・住所が記載されたもので、以下のいずれかの組合せにてご提出いただけます。 〇マイナンバーカード（単体） 〇マイナンバー通知カード（現住所記載）＋ 写真付き身分証明書 〇マイナンバー入り住民票（発行から6ヵ月以内）＋ 写真付き身分証明書 ※ご提出いただく住民票は、ご本人さまの情報のみが記載されているものをご提出いただきますようお願いいたします。 ※写真付き身分証明書は以下のいずれかをご提出ください。 運転免許証 運転経歴証明書 旅券 （パスポート、2020年2月3日以前に申請した日本国発行のもので住所が記載されているものに限る） 在留カード （有効期限が2ヶ月以上あるもの、または申請中の記載があるもの） 特別永住者証明書 ＊障碍者手帳等、その他の公的写真付き身分証明書のご利用を希望される場合は、support@susten.jpまでメールでご連絡ください。
各本人確認書類について教えてください。,個人番号通知書は、マイナンバー通知カードの代替としてはご利用いただけません。ご注意ください。 ご提出いただく本人確認書類について、以下２点をご確認ください。 ・現在の住所・氏名が記載されていること ・有効期限内であること 本人確認書類は、以下のいずれかの組合せにて、ご提出いただけます。 ・マイナンバーカード（単体） マイナンバーカードは、プラスチック製のICチップ付きカードです。券面に氏名、住所、生年月日、性別、マイナンバー（個人番号）とご本人さまの顔写真等が記載されています。 ※撮影の際は、必ずカードケースから取り出してください。 ・マイナンバー通知カード（＋ 写真付き身分証明書） マイナンバー通知カードは、お住まいの自治体より郵送される紙製のカードで、住民にマイナンバーをお知らせするものです。券面に氏名、住所、生年月日、性別、マイナンバー等が記載されています。 ※記載された住所から転居されている場合は使用できません。 ・マイナンバーが記載された住民票（＋ 写真付き身分証明書） ※発行から6ヶ月以内であることをご確認ください。 ※撮影の際は、必ず氏名、住所、生年月日、発行日、個人番号、公印が写っていることをご確認ください。 ※ご提出いただく住民票は、ご本人さまの情報のみが記載されているものをご提出いただきますようお願いいたします。 写真付き身分証明書は以下のいずれかをご提出いただけます。 ・運転免許証 ※オモテ面、ウラ面を撮影してアップロードしてください。 ・運転経歴証明書 ※オモテ面、ウラ面を撮影してアップロードしてください。 ・旅券（パスポート） ※2020年2月3日以前に申請した日本国発行のもので、所持人記入欄に氏名、住所が記入されているものに限ります。 ※顔写真入りのページをオモテ面に、所持人記載欄のページを住所が記載されているか確認しウラ面にアップロードしてください。 ・在留カード ※有効期限が2ヶ月以上あるもの、または申請中の記載があるものに限ります。 ※オモテ面、ウラ面を撮影してアップロードしてください。 ・特別永住者証明書 ※オモテ面、ウラ面を撮影してアップロードしてください。
SUSTEN for マネーフォワードを始めるための手続きを教えてください。,スマートフォンからのお手続きによりお申込みが完了します。 ※マネーフォワードMEにログイン後、ホーム画面よりSUSTEN for マネーフォワードの口座開設にお進みください。 １．SUSTENのアカウント作成 ２．本人確認書類のアップロードおよびご登録情報の入力 ※ご利用いただける本人確認書類の組み合わせ ※組み合わせで、スマートフォンでマイナンバーカードを読み取っていただく場合は、その場で口座開設が完了いたします。その他の場合は、以下のお手続きが必要です。 ３．登録ご住所での簡易書留ハガキのお受取り ※ご本人さま確認のためのハガキは、ご登録住所へ簡易書留・転送不要郵便にてお送りします。ハガキの転送はできません。あらかじめご了承ください ４．ハガキのご案内に従ってログイン ご入金（積立による引落も含みます）いただくと、自動で運用開始します。 ※初回入金は積立から開始いただけます。 ※SUSTENまたは税務署での審査にお時間をいただく場合がございます。 NISAの口座開設をご希望で、他社でNISA口座を開設している場合は、以下のお手続きが必要です。 １．現在開設しているNISA口座を閉鎖、もしくは勘定廃止の手続き ２．SUSTEN for マネーフォワード でNISA口座の開設をお申し込み ３．現在、NISA口座を開設している金融機関から交付される「口座廃止通知書」、もしくは「勘定廃止通知書」をSUSTENまで郵送 ※他の金融機関で当年の非課税投資枠を既にご利用済の場合、当年中に当社にてNISAの口座開設はできません。翌年から当社でNISA口座開設をご希望される場合は、上記お手続きを10月1日以降に行っていただきますようお願いいたします。 ４．SUSTENで書類を受領後、ご本人さま確認、税務署の審査 （税務署審査には通常１-2週間程度のお時間をいただいております。） ※既にお手元に他金融機関から交付された「口座廃止通知書」、もしくは「勘定廃止通知書」がある場合は、「２．SUSTEN for マネーフォワードでNISA口座の開設をお申込み」からお手続きください。
SUSTENで資産運用を始めるための手続きを教えてください。,スマートフォン・PCからのお手続きによりお申込みが完了します。 ※SUSTEN for マネーフォワードの口座開設をされる方は、マネーフォワードMEにログイン後、ホーム画面より口座開設にお進みください。 １．運用診断にておすすめのリスクレベルをご提案 ２．会員登録および口座開設のお申込み（すべてWebで完結します。） ３．登録ご住所での簡易書留ハガキのお受取り ４．ハガキのご案内に従ってログイン ５．ご入金（積立による引落も含みます）いただくと、自動で運用開始 ※初回入金は積立から開始いただけます。※マイナンバーカードを読み取り口座開設をお申込みいただいた場合、その場で口座開設が完了いたします。３・４のお手続きは不要です。簡易書留ハガキの発送はございません。 ※ご本人さま確認のためのハガキは、ご登録住所へ簡易書留・転送不要郵便にてお送りします。ハガキの転送はできません。あらかじめご了承ください。
リスクレベルを変更していないのに、運用状況が現在のリスクレベルと異なる表示になっているのはなぜですか？,お客さまの口座で成果報酬の徴収（該当する場合のみ）、リバランス取引（当社設定投資信託の組み入れ比率の変更）、節枠取引（NISA口座）、自動非課税成機能に係る取引、税効果最適化などが行われていることによるものです。 取引が行われている間は、保有投資信託の一部売却により一時的に純資産残高や運用状況の表示がお客さまのリスクレベルと異なる場合がございます。売却後、買付発注を行い投資信託の組み入れ比率がお客さまのリスクレベルに沿うよう調整いたします。調整完了後、正しい運用状況が表示されます。 それぞれの機能についてくわしくは 当社ホームページ をご確認ください。
リスクレベルを変更後、運用状況に変更したリスクレベルや純資産残高が反映されないのはなぜですか？,リスクレベルの変更に伴い投資信託の売却・買付の取引が行われているためです。 リスクレベルの変更に伴う取引が行われている期間は、運用状況の表示が一時的に実際の運用状況と異なって参りますが、変更後のリスクレベルに基づき保有投資信託のリバランスが完了した時点で正しい運用状況や純資産残高が表示されます。 ※なお、リスクレベルの変更タイミングによっては、変更完了までにお時間をいただく場合がございます。
運用診断ではすべての質問に答えなければならないでしょうか？,投資家保護の観点から、それぞれのお客さまに合ったリスクレベルをご提案するために必要な項目ですので、すべての項目にお答えいただきますようお願いいたします。
課税口座のポートフォリオに「米国株式アグレッシブ・ポートフォリオ （愛称：GeoMax）」を組み入れることはできますか？,SUSTENでNISA口座を開設されておらず、課税口座でのみ運用されている場合はGeoMaxをポートフォリオに組み入れることはできません。 なお、以下に該当するお客さまは課税口座でGeoMaxが購入される場合がございます。 ・当社にNISA口座をお持ちで、自動非課税成機能の設定を有効にしているお客さまが、当年のNISA口座の投資枠をすべて消費した状態でさらに追加で投資される場合 ・SUSTENのNISA口座を開設手続き中で、自動非課税成機能を有効にされているお客さま
すでにSUSTENを利用しています。NISA口座を追加で開設できますか？,他の金融機関でNISA口座を開設されていない場合、SUSTENでNISA口座を開設いただけます。 SUSTENのお客さまページ内・ NISA よりお申込みください。 他の金融機関でNISA口座を開設されている場合でも、金融機関変更や口座廃止をすることでSUSTENでNISA口座を開設いただけます。
利回りはどのくらいでるのですか？,SUSTENではお客さまのリスクに対する積極性やその他のニーズによりご提案するリスクレベルが異なるため、想定される期待リターンを一概にお答えすることはできません。 成果報酬型での運用、NISAを利用した運用のいずれの場合も、投資対象とする投資信託は主として価格変動のある有価証券等です。そのため、お客さまの投資元本は保証されているものではありません。
積立はどのように設定するのですか？,マイページ内・積立よりご設定いただけます。 ※積立設定のご利用にはインターネットバンキングのご利用が必要です。ご利用の金融機関が表示されない場合、積立設定をご利用いただくことができません。 １．SUSTENのお客様サイトへ ログイン ２．入出金＞＞積立＞＞積立設定の変更 へ進む ３．積立設定＞＞設定をはじめる へ進む ４．積立設定ページにて毎月の引落日、積立額を設定、次へ へ進む ５．設定内容の確認にて設定する をクリック、積立設定を確定させる ６．引落口座設定へ へ進む ７．ご利用の金融機関を選択、各金融機関の画面指示に従って積立設定をおこなう ８．画面上部に「積立を設定しました」というメッセージが表示、積立予定が表示される ※ボーナス月の追加積立設定は必須ではございません。 ※積立設定は引落日の8営業日前の前日まで変更いただけます。
NISA口座で1月から積立を始めたい場合、積立設定の変更はいつおこなうのですか？,NISA口座の利用は、受渡日をもって判断いたします。そのため、2025年1月7日が受渡日となる2024年12月20日以降の引落より2025年の取引として取り扱います。 2025年1月より、積立サービスのご利用を希望される場合は、受渡日が1月以降となるよう引落日をご設定いただきますようお願い申し上げます（NISA口座・課税口座共通）。 積立設定の変更は、土日祝日もおこなっていただけます。 2024年末の積立スケジュール 引落日 設定変更最終日 積立予定日 受渡日 12月1日 11月19日 12月9日 12月12日 12月5日 11月24日 12月12日 12月17日* 12月20日 12月9日 12月27日 1月7日 12月26日 12月15日 1月8日 1月14日 ※引落日が土日祝日となる場合、翌営業日の取り扱いとなります。 ※*2024年12月17日は年内の受渡最終日です。
リスクレベルを６や７に変更するとポートフォリオはどうなりますか？,【NISA口座】 お客さまのポートフォリオに「米国株式アグレッシブ・ポートフォリオ （愛称：GeoMax）」（以下GeoMax）が組み入れられます。GeoMaxはNISA口座・成長投資枠を利用して運用されます。積立設定で投資をいただいている場合も同様です。  ※SUSTENのサービスでは購入する投資信託や非課税枠の種別などを指定いただくことはできません。 【課税口座】 お客さまのポートフォリオに組み入れられる「グローバル資産分散ポートフォリオ（R）」の比率が高くなる可能性がございます。 「グローバル資産分散ポートフォリオ（R）」は2024年7月末までに約款変更を完了、リスクの上限を引き上げました。現在、「グローバル資産分散ポートフォリオ（R）」単体では従来より高いリスクを取った運用を行っています。 ※リスクレベル６・７はより大きな価格変動リスクをともないます。価格変動リスクを抑えた運用をご希望のお客さまにはおすすめいたしません。 リスクレベルをご変更される際は価格変動リスクが大きくなる旨をご理解の上ご検討いただけますと幸いです。 ※SUSTEN for マネーフォワードをご利用いただいているお客さまはリスクレベルの設定はございません。
入金後、すぐに出金できますか？,入金当日に出金手続きをおこなうことはできません。 入金の翌営業日以降に出金ページより出金手続きが可能になります（積立の引落によるご入金は、積立予定日の翌営業日より出金手続きが可能になります）。 アプリをご利用の場合は、「その他」よりお手続きください。 なお、運用開始前は「入出金履歴」に入金額が表示されます。 出金にあたりましては、出金ページの注意事項をあらかじめご確認ください。
会員登録や口座開設手続きは書面でおこなえますか？,会員登録や口座開設手続きは、すべて当社Webサイト上でおこなっていただく必要があり、書面によるお申込みは受け付けておりません。
「米国株式アグレッシブ・ポートフォリオ （愛称：GeoMax）」とはどのような投資信託ですか？,GeoMaxはリスクやリターンの目標を特定することなく、長期的なリターンの最大化のみを目指し運用を行う投資信託です。 株式に投資する一般的な投資信託よりも価格変動リスクが大きいことから、リスク許容度の高い一定の投資経験をお持ちのお客さま向けの投資信託になります。 GeoMaxが組み入れられるリスクレベル６・７（NISA口座での運用にかぎります）は、世界株式の市場平均よりも高いリスクを取り、積極的にリターンを追求したいお客さまのニーズにお応えするものです。価格変動リスクを抑えた運用をご希望のお客さまにはおすすめいたしません。
積立の引落後のスケジュールを教えてください。何日後に運用が開始されますか？,引落日から5営業日後が積立予定日です。積立金額は同日午前11時頃に入出金履歴へ、24時頃に純資産残高へ反映されます。 引落日から6営業日後に積立金額分の投資信託を買付発注、運用が開始されます。 （引落日から6営業日後が当社投資信託の購入申込受付不可日の場合は、翌々営業日に投資信託の買付発注が行われます。） 積立スケジュール ※積立設定の変更は8営業日前の前日までおこなっていただけます。土日祝日も変更操作をいただけます。24時以降の場合、次回積立時に反映されます。反映日時の詳細は、お客さま画面でご確認いただけます。 ※ご入金額は投資信託約定までの間は現金として純資産残高に加算されます。 ※6営業日後が投資信託申込不可日に当たる場合、その翌営業日に発注が行われるため、運用開始日が変動します。
いくらまで実質手数料無料になりますか,資産形成アドバンスコースにご登録いただいているお客さまは、運用額最大60万円にかかる手数料分(年率税込0.3%)を毎月、お客さまの口座に還元いたします。 ※NISA口座・課税口座は問いません。 ※SUSTEN for マネーフォワードをご利用いただいているお客さまが対象です。
リスクレベルを変更することはできますか？,変更いただけます。 SUSTENのお客さまサイト内、マイページ＞＞運用設定より変更可能です。 ※SUSTEN for マネーフォワードをご利用いただいているお客さまはリスクレベルの設定はございません。
自動非課税成機能を利用するにはどのような設定が必要ですか？,マイページ内・運用設定の変更よりご設定いただけます。 １．SUSTENのお客さまサイトへログイン ２．画面左上の「お客さまの氏名」をクリック、マイページへ進む ３．運用設定＞＞変更する へ進む ４．運用設定の変更＞＞マニュアル設定する へ進む ５．運用設定の変更＞＞自動非課税成機能の利用 へ進む ６．自動非課税成機能の利用を「ON」にご設定ください。  ※アプリをご利用の場合は、その他よりマイページへ進み、上記の手順で設定をご変更いただけます。 ※課税口座ですでに運用されている場合、当機能を「ON」に設定することにより、NISA口座の投資枠の範囲内で、課税口座での投資分は自動で売却され、NISA口座で新たに投資信託を買付けNISA口座を優先した運用が行われます。 ※「自動非課税成機能」のご利用にはNISA口座開設が必要です。
NISAの口座開設には、どのくらい時間がかかりますか？,NISA口座開設手続きおよび税務署の審査に、約2週間程度のお時間をいただいております。 税務署の審査終了後にNISA口座での投資が可能になります。 なお、NISA口座開設完了前の振込入金、積立による引落は課税口座で運用されます。
SUSTENのNISA口座を廃止するにはどのような手続きが必要ですか？,SUSTENのNISA口座を廃止される場合、事前に以下のお手続きをお願いしております。 １．積立設定の解除 （積立サービスをご利用されている場合） ２．全額出金の申込 ３．NISA口座解約希望の旨をsupport@susten.jpまでメールでご連絡ください。手続きに必要な書類をお送りいたします。 ※必ずご登録のメールアドレスよりご連絡をいただきますようお願いいたします。 ※課税口座で保有している投資信託も含め、全額出金のお手続きが必要です。 ※SUSTENのすべてのサービスについて解約を希望される場合は、その旨もあわせて記載ください。 NISA口座のみを廃止された後は、課税口座としてSUSTENをご利用いただけます。
ダッシュボードの見方について教えてください。,ダッシュボードの表記について、くわしくは下記をご確認ください。 〇元本 元本とはお客さまがSUSTENに預入いただいた金額です。 追加のご入金（キャッシュバックによる入金も含みます）があった場合は元本に追加され、出金分は元本から控除されます。 なお、ダッシュボード上に表示される損益額は、各種交付書類に記載される税法上の損益額とは異なる場合がございます。 〇評価損益 評価損益とは、保有している投資信託の基準価額の変動によって発生する損益のことです。 〇純資産残高 純資産残高は、現在保有している投資信託の合計額から将来発生する可能性のある手数料を差し引いた金額です。 純資産残高は毎営業日の24時頃更新されます。
NISA口座で都度入金はできますか？,都度ご入金、運用いただけます。 NISA口座を開設後、振込でご入金いただきますとNISA口座（成長投資枠）を優先した運用を行います。なお、振込手数料はお客さま負担となります。 ※なお、お客さまのリスクレベル・市場連動性の設定状況に合わせ、自動的に入金額の一部が成長投資枠や課税口座に充当される場合がございます。
つみたて投資枠の積立額に上限はありますか？,つみたて投資枠は120万円/年です。そのため、つみたて投資枠への積立額は最大10万円/月が上限となります。10万円を超えた積立額については、成長投資枠を優先して運用されます。 年の途中から積立を開始された場合、毎月10万円の積立のみでつみたて投資枠を使い切ることができません。 つみたて投資枠について投資枠上限までご利用を希望される場合は、毎月10万円の積立設定にくわえ、別途ボーナス月の設定をご利用ください。ボーナス月を12月にご設定されている場合、引落日によっては翌年1月の受渡、NISA口座の利用となる場合がございますのでご注意ください。 なお、積立金額が10万円以下であっても、お客さまのポートフォリオ設定（リスクレベルや市場連動性）によってはシステムが一部成長投資枠や課税口座を優先した運用を行う場合がございます。また非課税投資枠を使い切らない場合がございます。
「非課税口座廃止通知書」「勘定廃止通知書」をSUSTENへ送るにはどのような手続きが必要ですか？,当年中の開設をご希望の場合は、9月15日までにお手元の廃止通知書を当社まで郵送にてお送りください。 ※9月15日が土日祝日の場合は翌営業日までとなります。 ※翌年の開設を希望される場合は、10月1日以降にお手続きをいただきますようお願いいたします。 口座の開設手順は下記の通りです。 １．SUSTENのNISA口座を申し込む ※既にSUSTENをご利用いただいている場合は、お客さまサイト内よりお手続きください。 ※SUSTEN for マネーフォワードの口座開設をされる方は、マネーフォワードMEにログイン後、ホーム画面よりSUSTEN for マネーフォワードの口座開設にお進みください。 ２．郵送用封筒を印刷、 お手元の「非課税口座廃止通知書」もしくは「勘定廃止通知書」と本人確認書類をSUSTENへ郵送  ※郵送用封筒（原本）をご希望の場合は、support@susten.jpへ登録のメールアドレスよりご連絡ください。 ※SUSTENのご登録住所と本人確認書類の住所は一致している必要がございます。転居されている場合は、まずは住所変更手続きをいただきすようお願いいたします。 【いずれかの本人確認書類のコピーを同封ください】 ご使用いただける本人確認書類 ・マイナンバーカード（表面のみ） ・住民票（発行後6カ月以内） ・運転免許証（表・裏の両面） ・運転経歴証明書（表・裏の両面） ・パスポート（住所記載面及び発行年月日の記載がある面） *2020 年2月3日以前に申請した日本国発行のもので住所が記載されているもの。 ・在留カード（表・裏の両面） *有効年月日が2カ月以上あるもの、又は申請中の記載があるもの ・特別永住者証明書（表・裏の両面） なお、当年の勘定を既にご利用されている場合は翌年の変更になります。
「勘定廃止通知書」や「口座廃止通知書」を再交付してもらうにはどのような手続きが必要ですか？,廃止通知書の再交付には書面での届出が必要です。再交付をお申し出いただきました後、必要な書類をお送りいたします。 〇SUSTENで口座を保有されているお客さま ご登録メールアドレスより、再交付を希望される書類を明記の上support@susten.jpまでご連絡ください。 〇SUSTENの口座を解約されたお客さま 以下の必要事項を記載の上、support@susten.jpまでご連絡ください。 ・お名前 ・生年月日 （解約後に氏名変更があった場合は口座開設時のお名前もあわせてお知らせください） ・書類の送付先住所 ・再交付を希望される書類
SUSTENのNISA口座を廃止/勘定廃止しましたが、もう一度SUSTENでNISA口座を開設することはできますか？,一度SUSTENのNISA口座を廃止をされても、SUSTENでNISA口座を開設いただけます。 〇SUSTENで現在も課税口座をご利用されている方 再開設には書類でのお手続きが必要です。 SUSTENの登録メールアドレスより、NISA口座を再開設したい旨を記載の上support@susten.jpまでご連絡ください。 〇SUSTENの口座をすでに廃止されている方 あらためてSUSTENの口座開設をお申込みください。NISA口座の開設は口座開設手続きの際にお申込みいただけます。 ※９月までに非課税口座の利用がある場合、翌年のNISA口座開設としてお申込みいただけます。10月以降に再開設のお手続きが可能です。10月以降にご連絡・お申込みいただきますようお願い申し上げます。
NISA口座の申込はキャンセルできますか？,NISA口座申込後のキャンセルはうけたまわっておりません。 NISA口座の閉鎖や他の金融機関への変更を希望される場合、NISA口座の開設審査が完了した後、書類での手続きが必要になります。
他社でNISA口座を開設しています。SUSTENでNISA口座を開設する場合はどのようにしたらいいですか？,他社でNISA口座を開設している場合、以下のお手続きをいただきますとSUSTENでNISA口座を開設いただけます。 １．現在開設しているNISA口座の廃止もしくは金融機関変更の手続き ２．SUSTENでNISA口座の開設を申し込む ※SUSTEN for マネーフォワードの口座開設をされる方は、マネーフォワードMEにログイン後、ホーム画面よりSUSTEN for マネーフォワードの口座開設にお進みください。 ３．現在NISA口座を開設している金融機関から交付される「非課税口座廃止通知書」もしくは「勘定廃止通知書」および本人確認書類のコピーをSUSTENまで郵送 封筒原本を希望される場合は、support@susten.jpまでご連絡ください。 ＜使用できる本人確認書類の種類（いずれか1つご提出ください）＞ 運転免許証（表裏両面をご提出ください） マイナンバーカード（表面のみご提出ください） 個人番号通知カード（個人番号はマスキングのうえ印刷ください） 住民票（発行6ヶ月以内のもので、個人番号はマスキングのうえ印刷ください） 運転経歴証明書 パスポート（顔写真面と本人記入欄）（2020年2月4日以降に申請されたパスポートは、「所持人記入欄」がないためご利用いただけません。） 在留カード 特別永住者証明書 ※氏名、住所、生年月日が確認できる、有効期限内のものが必要です。 ４．SUSTENで書類を受領後、ご本人さま確認および税務署の審査 （税務署の審査には約2週間程度のお時間をいただいております。） ※当年中にSUSTENでNISA口座の開設を希望される場合、9月15日（土日祝日の場合は翌営業日）までに廃止通知書を当社までお送りください（当社必着）。 ※既にお手元に他の金融機関から交付された「口座廃止通知書」もしくは「勘定廃止通知書」がある場合は、「２．SUSTENでNISA口座の開設を申し込む」からお手続きください。 ※他の金融機関で当年の非課税投資枠を既にご利用済の場合、当年中はSUSTENでNISA口座の開設はできません。 ※翌年からSUSTENでNISA口座の開設をご希望の場合は、上記お手続きを当年10月1日以降に行っていただきますようお願いいたします。
海外に出国することになりました。NISA口座を継続することはできますか？,海外に出国される場合、SUSTENでは投資一任契約の規程に従い、全額出金の上、口座解約をお願いしております。 解約手続きの手順は下記の通りです。 １．積立設定の解除（積立をご利用されている場合） ２．全額出金の申込 ３．口座解約の申込 １.積立設定の解除（積立をご利用されている場合） お客さま画面＞＞入出金＞＞積立設定＞＞設定をはじめる＞＞積立を解除する、へお進みください。 解除のタイミングによっては、次回引落が行われた後に、設定解除となる場合があります。 次回積立予定にて、引落日や解除期日をご案内しておりますので、ご確認いただきますようお願いします。 ２．全額出金の申込 お客さま画面＞＞入出金＞＞出金＞＞出金口座にチェックを入れる＞＞全額出金する＞＞出金内容を確認する＞＞出金依頼を確定する、にて出金内容を確定ください。全額出金いただいた後に積立による引落が発生した場合、積立による入金後、あらためて全額出金の手続きが必要となります。 当社サービスは、投資信託を通して価格変動のある有価証券等に投資を行うため、お客さまの純資産残高は日々変動します。全額出金の申込タイミングは、お客さまご自身のご判断でいただきますようよろしくお願い申し上げます。 ３．口座解約の申込 全額出金（引落額を含む）が完了した後、以下の記載事項をsupport@susten.jpまでメールで連絡ください。 ご本人さま確認後に、口座解約を進めさせていただきます。 〈記載事項〉 ・氏名 ・生年月日 ・ご登録の郵便番号 ・ご住所 ・ご登録のお電話番号 ・解約を希望される旨を記載 ご連絡をいただきました後、手続きに必要な書類をお送りいたします。 なお、海外へ出国されるお客さまで2023年までのつみたてNISA口座での運用資金の継続保有を希望される場合はsupport@susten.jpまでご連絡ください。手続きについてご案内いたします。
SUSTENから別の金融機関へNISA口座を変更するにはどのような手続きが必要ですか？,SUSTENから他の金融機関へNISA口座を変更される場合、事前に以下のお手続きをお願いしております。 ご連絡をいただいた後、必要書類をご登録住所にお送りいたします。 ※当年中にNISA口座で投資信託の買付がある場合、当年中の金融機関変更はできませんのでご注意ください。 ※NISA口座の残高がない場合は、原則としてNISA口座の廃止としてうけたまわります。 当年中の金融機関変更を希望される場合、8月31日までに以下のお手続きをお願いいたします。書類の返送期限は9月15日です。 １．当年中にNISA口座で買付がないことを確認 ２．積立設定がないことを確認 ※引落予定がないことを必ずご確認ください。NISA口座の金融機関変更手続きが完了した後に積立による引落が発生した場合、課税口座での運用となります。 ３．当年中の廃止希望であることを明記の上、support@susten.jpまでご連絡ください。手続きに必要な書類をお送りいたします。 翌年の金融機関変更を希望される場合、10 月1日から11月30日までに翌年の金融機関変更を希望されることを明記の上、support@susten.jpまでご連絡ください。手続きに必要な書類をお送りいたします。書類の返送期限は12月10日です。 ※本人確認書類に記載の住所とSUSTENの登録住所は一致している必要がございます。転居されている場合は、住所変更のお手続きをお願いいたします。
キャッシュバックについて教えてください。,運用を開始した月の月末から1年間、課税口座・NISA口座のいずれからも出金がなかったお客さまが対象です。 この期間に出金がなかった場合、1年前のNISA口座お預かり残高*にたいして、最大で年率0.1％相当分をお客さまの投資資金に還元いたします。 キャッシュバックは毎月実施します。 毎月末を基準日とし、運用開始月の月末から1年後の月末最終営業日が判定日となります。 該当のお客さまには同日中にキャッシュバックを実施します。 キャッシュバック分は自動的に再投資されます。 *キャッシュバックの対象は、NISA口座残高のうちSUSTENが信託報酬をいただく投資信託の残高に限ります。 課税口座でのお預かり残高はキャッシュバックの対象ではありません。 SUSTEN for マネーフォワードをご利用のお客さまは対象外です。
SUSTENのサービスを利用するために必要なシステム環境やアプリの対応端末について教えてください。,"以下の環境でご利用いただけます。 OS ブラウザ Windows 10 以上 Microsoft Edge, Google Chrome, FireFox いずれも最新版 Mac OS Monterey 12.7.5 以上 Google Chrome, Safari いずれも最新版 iOS 16.0以上 Mobile Safari 最新版 Android 10.0以上 Google Mobile Chrome 最新版 SUSTENのアプリはiOS版／Android版でご用意がございます。 対応端末は下記の通りです。 iOS 14.0以上 Android 7.0以上 "
SUSTENのファンド休業日を教えてください。,下記は、ニューヨーク証券取引所およびナスダック証券取引所の休業日、またはニューヨークの銀行休業日に伴う投資信託の購入・解約の申込受付不可日です。 現時点（2024年12月28日現在）で確認できる2025年12月末までの休業日であり、休業日は変更となる場合があります。 投資信託の購入（積立による購入も含みます）、解約のお申込みを休業日に頂いた場合は翌営業日扱いとなります。 2025年 ファンド休日カレンダー （海外市場休業日に伴う申込受付不可日一覧） 1月 9日、20日 2月 17日 3月 4月 18日 5月 26日 6月 19日 7月 4日 8月 9月 1日 10月 11月 11日、27日 12月 25日 ※カーター元米大統領の逝去を受け、ニューヨーク証券取引所とナスダック証券取引所は1月9日が休場となります（2025年1月6日追記）。 なお、「当社投資信託の購入・換金申込受付不可日」においても、当社営業日の場合、SUSTENへの入出金のお申込みはお受けいたします。
お客さまサイトの「お知らせ」に交付される電子交付書面をPDFで保存したり印刷することはできますか？,PDF形式で保存が可能です。お手元のプリンタやアプリ等をご利用の上、印刷ください。 〇PC端末の場合 1. 「お知らせ」に交付された電子交付書面を開く 2．印刷ボタンをクリック 3．印刷物の送信先を「PDF」として設定する 4．「印刷」ボタンをクリック、ご利用PC端末の任意の場所にPDFとして保存する 5．印刷する場合は、送信先を設定しているプリンタに指定、印刷する 〇 スマートフォンの場合 1. 「お知らせ」に交付された電子交付書面を開く 2. 画面右上のメニューボタンをタップする 3. メニューバー内のダウンロードボタンをタップする 端末内にダウンロードされた電子交付書面がPDF形式で保存される 4. アプリ等を利用してダウンロードした交付書面を印刷する
スマートフォンで目論見書などのリンク先の書面を確認しましたが、「確認済み」ボタンが押せず先へ進めません。どうしたら先へ進めますか？,すべての書面を確認すると、「口座開設を申し込む」「確認済み」などのボタンが濃紺になり、タップすると次の画面へ進めます。 ボタンをタップできない場合は、以下をご確認ください。 ご利用端末によって、表示が異なる場合があります。 〇確認事項 ・すべてのリンクを開いて内容をご確認ください。 リンク先が複数ある場合は、すべて開いて確認ください。 すべての書面を確認すると、「確認しました」ボタンがグレーから濃紺に変わり、タップできるようになります。 ・リンク先の書面を確認後、元の画面に戻る際、はスマートフォン画面下の「戻る（＜）」をタップしてください。 ・「戻る（＜）」ボタンで戻ってもボタンがタップできない場合は、以下の手順をお試しください。 「目論見書」や「約款」等の書面をご確認いただいた場合、複数のブラウザが開いている状態になることがあります。 ご利用端末の右下または右上に表示される以下のアイコンをタップすると、現在開いている複数の画面が表示されます。 その中から元の画面を選択してください。ボタンが濃紺になり、次へ進めるようになります。 〇不具合が解消しない場合 上記を試しても不具合が解消しない場合は、support@susten.jpまでご連絡ください。 ご連絡の際は、スクリーンショットを添付してください。 ※端末により実際の操作方法は異なります。ご利用端末の操作方法は各メーカーへお問合せください。
メールアドレスの変更はできますか？,メールアドレスは、お客さまサイトから変更できます。 60分以内に手続きを完了ください。 １．お客さまサイトにログイン、画面左上の「お客さまの氏名」 へ進む ２．「マイページ」＞＞「お客さま情報」ページで「変更する」 へ進む メール認証 ご本人さま確認のため、ご登録のメールアドレスに認証コードが送信される 新しいメールアドレスの入力 新しいメールアドレスの認証 新しいメールアドレスに届いた認証コードを入力する
【成果報酬型】HWM（ハイ・ウォーター・マーク）とはなんですか？,ハイ・ウォーター・マーク（HWM）とは、成果報酬型運用資産の「過去最高評価額」です。 入出金がある場合、HWMは以下のように変動します。 ・入金時：入金額が投資元本に加算されます。 ・出金時：出金比率に応じてHWMが調整（減算）されます。 ・運用成果報酬の収受時（消費税相当額を含む）：成果報酬がHWMから減算されます。 毎月最終営業日の「成果報酬対象投資評価額（未収受の運用成果報酬を含む）」がHWMを超えた場合にのみ、成果報酬が発生します。
【成果報酬型】成果報酬とHWMはどのように決まりますか？,【追加入金や出金がない場合】 まず、運用開始時のご入金額が当初HWM（ハイ・ウォーター・マーク、過去最高評価額）として設定されます。 運用開始後、過去最高益を更新した月末にだけ、運用益に対して一定料率の成果報酬（税込）が発生します。また、成果報酬が徴収された後の純資産残高が、新しいHWMとして更新されます。 前月からマイナスとなった月や、前月からプラスでも過去最高益を更新していない月には、成果報酬*は発生しません。 *成果報酬は発生しませんが、お客さまの資産を保全する信託銀行に支払う受託者報酬や投資対象上場投資信託に支払う経費など、実質的な費用が発生します。なお、当サービスに係る費用合計額、その上限額及び計算方法は、運用状況により異なるため、事前に表示することができません。 【追加入金した場合】 追加入金の際は、ご入金額が投資元本としてHWMに加算されます。 積立による入金も同様です。 HWMを上回っている時 HWMを下回っている時 【出金した場合】 ご出金の際は、出金比率に応じてHWMも減算されます。 また、HWMを上回っている場合には、その時点で発生し得る成果報酬のうち、出金比率*相当分のみ出金時に徴収されます。 HWMを上回っている時 HWMを下回っている時 ＊出金比率は、出金申込額÷純資産残高（現時点で発生し得る成果報酬を控除した概算値）で算出します。 ※上記は、例示をもって理解を深めていただくことを目的とした概念図です。実際の成果報酬やHWMの水準については、各種報告書やお客さま画面をご確認ください。
【成果報酬型】成果報酬とは何ですか？,成果報酬とは、お客さまの成果報酬型の運用資産で投資評価額が過去最高評価額を更新した時にのみSUSTENが受け取る投資一任報酬（手数料）です。 成果報酬は課税口座での運用が対象です。 成果報酬は、以下の投資信託を保有した場合にのみ発生いたします。 ・グローバル資産分散ポートフォリオ（R） ・グローバル複合戦略ポートフォリオ（G） ※NISA口座を開設している場合でも、お客さまのリスクレベル・市場連動性の設定状況に合わせ、自動的に入金額の一部が課税口座に充当される場合があります。HWMの更新の有無は毎月末に判定されます。 ※この図は、例示をもって理解を深めていただくことを目的とした概念図です。実際の運用結果をお約束するものではありません。 成果報酬は、会員ステージによって料率が異なります。 【会員ステージ】 ※追加投資があった場合や出金があった場合はその都度調整されます。 ※「SUSTEN for マネーフォワード」をご利用いただいているお客さまは、成果報酬の発生する投資信託を保有することはございません。そのため、会員ステージは投資金額に関わらず「会員ステージ１」が表示されます。
【成果報酬型】成果報酬は、いつどのように支払うのですか？,毎月最終営業日を基準日とし、投資評価額が過去最高評価額（ハイ・ウォーター・マーク（HWM））を上回る月のみ、その超過分に対して成果報酬が発生します。 成果報酬が発生した場合、保有投資信託の売却により徴収します。 お客さまが成果報酬分をご入金する必要はありません。 ただし、報酬計算日にご入金された場合には、ご入金額から優先して成果報酬をいただきます。 お客さまから全部もしくは一部出金のお申し込みがあった場合、出金申込額に相当する部分のみ、出金申込日を報酬計算日とし、成果報酬を算出します。 これにより成果報酬が発生する場合、出金申込日の翌営業日に成果報酬を徴収します。
会員ステージとは何ですか？,成果報酬の発生する投資信託を保有されている場合の成果報酬料率を示すものです。SUSTEN for マネーフォワードをご利用いただいているお客さまは「会員ステージ１」が表示されますが、成果報酬は発生しません。
最低投資金額を教えてください。,最低投資金額は1円です。積立設定は1万円から可能です。 ※投資対象ファンドの約定最低金額に満たない場合は、現金のまま保持される可能性があります。 ※合計入金額が１万円未満の場合、一部のサービス・機能はご利用いただけない可能性があります。
自動非課税成機能とはなんですか？,NISA口座の年間投資枠を超えて入金された場合、それらの上限額を上回った投資資金はいったん課税口座で運用されます。その後、翌年に年間投資枠が利用可能となる、あるいは非課税投資枠が復活した場合、システムが自動で投資信託を売買、NISA口座を優先した運用が行われます。 また、課税口座ですでに運用されているお客さまが「自動非課税成機能」を有効にされた場合、課税口座での投資分をシステムが自動で売却、NISA口座で新たに投資信託を買付けNISA口座を優先した運用に切り替えます。 これまで課税口座で運用されていた資金はそのまま課税口座での運用継続を希望される場合は、自動非課税成機能を有効にされないようご注意ください。 ※「自動非課税成機能」のご利用にはNISA口座の開設が必要です。
取引報告書や取引残高報告書は郵送で送ってもらえますか？,SUSTENでは報告書や契約書等はすべて電子交付しています。 必要に応じて印刷、ご利用ください。 各種報告書はお客さまサイト内・お知らせに交付します。 取引報告書：お取引の都度発行 取引残高報告書：1月、4月、7月、10月の15日 特定口座年間取引報告書：毎年1月10日頃、SUSTENを解約した場合は翌月10日頃
相続が発生した場合、どのような手続きが必要ですか？,相続のお手続きが必要になった場合、以下の記載事項を記載の上、support@susten.jpまでメールでご連絡ください。お手続きに必要となる書類を相続人または代理人の方へお送りいたします。 【記載事項】 ・ご連絡をいただいた方とご契約者さまの続柄およびご連絡先 ・ご契約者さまのお名前 ・ご契約者さまの生年月日 ・ご契約者さまの登録住所 ※なお、代理人の方からご連絡をいただく場合、代理人としての立場が確認できる書類（コピー）のご提出が必要です。手続き書類とあわせてご提出ください。 SUSTENでは預かり証券の移管は行っておりません。 換金のうえ、相続人の銀行口座へお振込みいたします。
登録しているメールアドレスが使えなくなった場合、どのように変更手続きをしたらいいですか？,新しく登録を希望されるメールアドレスより、以下の必要事項を記載の上、support@susten.jpまでメールでご連絡ください。 変更手続きについてご連絡いたします。 【記載事項】 お名前 現在の登録メールアドレス 新しく登録を希望されるメールアドレス ※必ず新しく登録を希望されるメールアドレスからご連絡ください。 ※ご登録を希望されるメールアドレスは、SUSTENでのメール認証を一度もしていないものに限ります。
特定口座の源泉徴収あり・なしの変更はできますか？,特定口座の源泉徴収あり・なしの変更は翌年の変更予約のみ承っております。 同一年中の変更はお受けできません。 以下の必要事項を記載の上、support@susten.jpまでメールでご連絡ください。 【記載事項】 ・氏名 ・生年月日 ・ご登録のご住所 ・ご意向の記載（特定口座の源泉徴収ありからなしに変更したい、等） SUSTENではご依頼期間中にリバランスが発生する可能性を考慮し、同一年中の口座種別変更は承っておりません。 必ずご登録のメールアドレスからご連絡ください。 ご予約いただきました源泉徴収あり・なしの変更手続きは、ご予約をいただいた年の12月下旬に行います。 手続き完了以降、ご予約をいただいた同一年中に約定するお取引が発生した場合、取引報告書には翌年の源泉徴収区分が表示されます。
入金したら何もしなくても運用がはじまるのでしょうか？,ご入金いただくと、自動的に運用が開始されます。
入出金の際、手数料はかかりますか？,出金手数料は無料です。 振込入金の場合、振込手数料はお客さまのご負担となります。 積立の場合、引落手数料は無料です。
認証コード（メール）が届きません。,以下の可能性が考えられます。 ご確認ください。 ・当社からのメールが「迷惑メール」として迷惑メールフォルダに振り分けられている可能性がございます。「迷惑メール」フォルダをご確認ください。 ・お客さまのセキュリティの設定によっては、当社からのメールが届かない場合がございます。 「susten.jp」からのメールを受信いただけるよう、ご設定ください。 ・アカウントの登録が完了している場合はSUSTENのお客さまサイトへログインいただき、口座開設手続きを進めていただけます。再登録は不要です。
海外へ出国することになりましたが、SUSTENをこのまま利用できますか？,海外赴任や移住等、非居住者となる場合はSUSTENをご利用いただくことはできません。 全額出金の上、出国前に解約手続きを行ってください。 各手続きの詳細や注意事項につきましては、以下をご参照ください。 １．積立設定の解除（積立をご利用されている場合） お客さま画面＞＞入出金＞＞積立＞＞衝立設定の変更＞＞積立をはじめる＞＞積立を解除する へ進む 解除のタイミングによっては、次回引落が行われた後に、設定解除となる場合があります。 次回積立予定にて、引落日や解除期日をご確認ください。 ２．全額出金の申込 お客さま画面＞＞入出金＞＞出金＞＞全額出金する＞＞出金内容を確認する＞＞出金を確定する へ進む ３．口座解約の申込 全額出金（引落額を含む）が完了した後、以下の記載事項をsupport@susten.jpまでメールで連絡ください。 ご本人さま確認後に、口座解約を進めさせていただきます。 〈記載事項〉 ・氏名 ・生年月日 ・ご登録の郵便番号 ・ご住所 ・ご登録のお電話番号 ※必ずご登録のメールアドレスよりご連絡をお願いいたします。 ※出金画面に記載の注意事項を必ずご参照ください。 ※2023年までのつみたてNISA口座で保有されている投資信託は所定の手続きをいただくことで、海外出国中であっても投資信託を継続して保有いただけます。support@suste.jpまでご連絡ください。
口座種別はどこで確認できますか？,口座種別は、お客さまページでご確認いただけます。 １．SUSTENのお客さまサイトへログイン ２．画面左上の「お客さまの氏名」＞＞マイページ へ進む ３．「口座情報内・口座種別」 を確認する
住所や氏名が変わりました。どのような手続きが必要ですか？,住所および氏名の変更は、お客さまページからお手続きをいただけます。 １．SUSTENのお客さまページへログイン、左上の「氏名」 へ進む ２．マイページ＞＞お客さま情報画面 へ進む ３．「ご本人さま情報」右下の「変更する」 へ進む ４．「姓名の変更」もしくは「住所の変更」を選択、変更手続きを進める なお、住所や氏名変更の際はあらためて本人確認書類の提出をお願いしております。 新住所や新氏名が記載されている以下の本人確認書類をお手元にご用意いただき、お手続きください。 【ご利用いただける本人確認書類】 〇マイナンバーカード（単体） 〇マイナンバー通知カード（現住所記載）＋ 写真付き身分証明書 〇マイナンバー入り住民票（発行から6ヵ月以内）＋ 写真付き身分証明書 ※ご提出いただく住民票は、ご本人さまの情報のみが記載されているものをご提出いただきますようお願いいたします。 ※写真付き身分証明書は以下のいずれかをご提出ください。 運転免許証 運転経歴証明書 旅券 （パスポート、2020年2月3日以前に申請した日本国発行のもので住所が記載されているものに限る） 在留カード （有効期限が2ヶ月以上あるもの、または申請中の記載があるもの） 特別永住者証明書 ※最短で、翌日お手続きが完了いたします。週末にお手続きをいただきますと、反映までにお時間をいただきます。 ※書面でのお手続きは承っておりません。あらかじめご了承いただきますようお願いいたします。
特定口座年間取引報告書はいつ発行されますか？,SUSTENでは、当年の1月1日から12月31日までの間にご解約やリバランス・税効果最適化に伴う売却の取引があったお客さまに、特定口座年間取引報告書を翌年の1月10日頃に交付いたします（特定口座を開設されている方に限ります）。 交付される特定口座年間取引報告書は、「お知らせ」画面よりご確認いただけます。 （※SUSTENを解約されたお客さまも解約後13ヵ月間は各種交付書類をお客さまサイトでご確認いただけます。） 該当する取引のないお客さまへの交付はございません。 なお、約定日が当年内であっても受渡が翌年となる場合は翌年と取引として取り扱いますのでご注意ください。
なぜマイナンバーの提出は必要なのですか？,当社では、口座開設時、また氏名やご住所に変更があった際には税務上の個人を特定する情報の変更として、氏名・ご住所・生年月日の他にマイナンバーも再度ご提出いただくようお願いしております。
解約する投資信託を指定したり、NISA口座や課税口座を指定して出金できますか？,解約する投資信託や出金元の口座を選ぶことはできません。出金時は、システムがお客さまの運用状況に合わせて解約する投資信託を判断いたします。 課税口座での運用分がある場合は課税口座で運用している投資信託を優先して解約、出金します。
出金先口座の登録方法を教えてください。,お客さまの設定により、出金先口座を登録するタイミングが異なります。 〇積立設定をされたお客さま 積立の引落口座が自動的に出金先口座として登録されます。 出金先口座を変更いただくことも可能です。 変更いただく場合、入出金＞＞出金画面にて出金先口座を変更ください。 〇積立設定をされずサービスをご利用いただくお客さま ご入金前に出金先口座の登録をお願いしております。 入出金＞＞出金画面にて出金先口座をご登録ください。 振込先口座情報は、出金先口座の登録後に表示されます。 振込入金後に積立設定をされた場合、出金先口座はご入金前に登録いただいた口座となります。積立の引落口座に自動的に切り替わることはございません。 変更いただく場合、入出金＞＞出金画面にて出金先口座を変更ください。
出金先の口座名義は変えられないのですか？,出金先の口座名義を変えることはできません。必ずご本人名義の口座を登録ください。 ご本人名義以外の口座が登録されていることが判明した場合、出金手続きを一時停止しお客さまへ確認のご連絡をさせていただきます。 口座名義の変更があった場合は氏名変更の手続きをおこなってください。 住所や氏名が変わりました。どのような手続きが必要ですか？
SUSTEN口座と名義の異なる口座から振込を行ってしまいました。,SUSTEN口座の名義人以外からの入金は受け付けておりません。 お客さまご自身で振込元の金融機関に「組み戻し」をご依頼ください。組み戻し手数料はお客さま負担です。 手続きにつきましては、振込元の金融機関にお問い合わせください。
入金後、運用される口座を選ぶことはできますか？,投資資金を運用する口座を選ぶことはできません。 SUSTENでは、システムが自動的にお客さまのリスクレベルや市場連動性にあった運用をおこないます。 〇課税口座のみ開設されているお客さま 課税口座で成果報酬型サービスとして運用されます。 〇NISA口座を開設されているお客さま 振込での入金は、NISA口座（成長投資枠）を優先して運用されます。 積立の引落による入金は、NISA口座（つみたて投資枠）を優先して運用されます。 NISA口座（成長投資枠・つみたて投資枠）の年間投資枠を超過した場合、またお客さまのリスクレベル・市場連動性の設定状況に合わせ、自動的に入金額の一部が課税口座やNISA口座（成長投資枠）に充当される場合がございます。
振込入金がダッシュボードに反映されるまでどれくらいかかりますか？,１．当社にて着金確認次第、『入出金履歴』に入金額が反映されます。 ※15時30分以降、また当社休業日にお振込をいただいた場合、入金・着金確認は翌営業日扱いとなります。 ２．投資信託の買付発注を行った当日24時頃、『純資産残高』に入金額が反映されます。 ※投資信託の購入申込受付不可日を含む場合はスケジュールが変動します。 詳しくは以下の図をご参照ください。 入金後のスケジュール *当社における入金確認が15時30分以降となった場合、翌営業日扱いとなります。 **入金額は投資信託約定までの間は現金として純資産残高に加算されます。 投資信託の購入申込受付不可日を含む場合 *当社における入金確認が15時30分以降となった場合、翌営業日扱いとなります。入金の締切時間は、15時30分から前後する場合がございます。 **入金額は投資信託約定までの間は現金として純資産残高に加算されます。 ***翌営業日以降も投資信託の購入申込受付不可日が連続する場合、その翌営業日に発注が行われるため、運用開始日が変動します。
振込入金してから運用が始まるまでどれくらいかかりますか？,当社においてお客さま口座への 入金が確認された日 に、入金額に相当する当社投資信託を、運用方針に基づき選定し、取得の発注を行います 。なお、当社投資信託の購入・換金申込受付不可日の場合は、翌営業日に取得の発注を行います。同発注分は、 その翌営業日 における当社投資信託の基準価額で約定され、運用が開始します。 詳しくは以下の図をご参照ください。 入金後のスケジュール 。 投資信託の購入申込受付不可日を含む場合 ※当社における入金確認が15時30分以降となった場合、また土日祝日の入金は翌営業日扱いとなります。 ※ご入金額は投資信託約定までの間は現金として純資産残高に加算されます。 ※投資信託の申込受付不可日を含む場合、運用開始日が変動します。
入金したのに運用が始まりません。,入金方法によって、運用開始のスケジュールが異なります。〇引落（積立）による入金の場合 引落から5営業日後にSUSTENのお客さま口座へ入金され、その翌営業日に投資信託の買付発注が行われ、運用が開始されます。〇振込による入金の場合 振込当日にSUSTENのお客さま口座へ入金され運用が始まります。なお、当社での着金確認が15時30分以降の場合や土日祝日の場合には、翌営業日扱いとなります。※入金完了は同日中にメールにてお知らせいたします。※ご入金から運用開始までの期間にファンド休業日が含まれる場合、上記スケジュールは変動します。〇入金の際の「振込人名義」をご確認ください SUSTEN口座と異なる名義の口座から振込された場合、運用は開始されません。組戻手続きを行っていただきますようお願い申し上げます。SUSTEN口座と名義の異なる口座から振込を行ってしまいました。※上記をご確認いただいた上でなお、入金が確認できない/反映されない場合には、 カスタマーサポート までお問合せください。
出金予定日を確認できますか？,お客さまサイトで出金予定日を確認できます。お客さま画面＞＞入出金＞＞出金画面内・出金予定日 をご確認ください。出金手続きをおこなった当日24時頃、出金予定日がお客さま画面内に表示されます。振込までの目安は3～5営業日後です。*当社における出金申込確認が、15時30分以降となった場合、翌営業日扱いとなります。**翌営業日以降も投資信託の換金申込受付不可日となる場合、その翌営業日に発注が行われるため、出金日が変動します。***出金申込の締切時間は、15時30分から前後する場合がございます。
出金申し込み後のスケジュールを教えてください。,出金申し込み後、振込までの目安は３～5営業日後です。入金の翌営業日から出金手続きが可能です。出金申し込み後のスケジュールは以下の図をご参照ください。出金申込後のスケジュール*当社における出金申し込み確認が15時30分以降となった場合、出金申込は翌営業日扱いとなります。投資信託の換金申込受付不可日を含む場合*当社における出金申し込み確認が15時30分以降となった場合、出金申込は翌営業日扱いとなります。**翌営業日以降も投資信託の換金申込受付不可日となる場合、その翌営業日に発注が行われるため、出金日が変動します。※出金申込日にファンド休日が含まれる場合、ご出金が２営業日以上に分かれることがあります。
全額出金できますか？,全額出金いただけます。１． SUSTENのお客さま画面にログイン 入出金＞＞出金 へ進む２．「出金する金額」 へ進む３．「全額出金する」にチェックを入れ、「出金内容を確認する」にて出金内容を確認、「出金依頼を確定する」をクリックして出金依頼を確定させる※投資枠や口座の種類（課税・非課税）を選択いただくことはできません。※2023年までのつみたてNISA口座からの出金を希望される場合は、2023年のつみたてNISA口座より全額出金の手続きをおこなってください。※出金の際は、出金画面の注意事項を必ずご確認ください。
出金は取消しできますか？,確定した出金手続きを取消すことはできません。
出金希望額と実際の出金額が違うのはなぜですか？,出金希望額と実際の出金額に差が発生する主な要因は下記の通りです。〇出金申込を行った時点の基準価額と約定時の基準価額が異なる。〇成果報酬が徴収される（成果報酬型のみ）。〇源泉徴収（還付も含む）が発生する（課税口座（特定口座・源泉徴収あり）のみ）。「出金希望額」はその時点の保有投資信託の評価額です。確定した出金額ではございません。出金依頼後、翌営業日の基準価額で出金金額が決定します。そのため、運用状況によっては実際に出金される金額が出金希望額を上回る/下回る可能性がございます。また、課税口座での取引で成果報酬が発生している場合は成果報酬を頂戴いたします。特定口座（源泉徴収あり）のお取引では、当社で源泉徴収または還付を行い、振込いたします。※15時30分以降の出金申込につきましては、翌営業日扱いとなります。
出金方法を教えてください。,「入出金」ページからお申込みいただけます。１． SUSTENのお客さま画面にログイン、 入出金＞＞出金 へ進む２．「出金する金額」 へ進む３．「出金希望額」を入力し「出金内容を確認する」にて出金内容を確認、「出金依頼を確定する」をクリックして出金依頼を確定させる※投資枠や口座の種類（課税・非課税）を選択いただくことはできません。※2023年までのつみたてNISA口座からの出金を希望される場合は、2023年のつみたてNISA口座より全額出金依頼をおこなってください。※出金の際は、出金画面の注意事項を必ずご確認ください。
積立予定が「仮予定」となっているのはなぜですか？,お申込み時点で表示される積立予定（仮予定）は、税務署での審査等を含めたすべての手続きが最短で完了した場合のスケジュールを表示しています。NISA口座開設に必要な手続き 口座開設申込と積立設定（積立をご希望の場合） ご本人さま確認 税務署での審査（2週間程度） 審査結果の確認（メールでお知らせ） SUSTENへログインし契約書に同意 引落実施の可否や金額等は、引落日より8営業日前に確定するため、確定日の前日（休日を含みます）迄に、すべての手続きの完了が必要です。確定後のスケジュールについては、手続き完了後に積立予定ページをご確認ください。
